"","Y","X1","X2","X3","X4","X5","X6"
"294",-10.7,0,4,1980,620.54,12.5,0
"302",-11.2,8,4,1980,620.5,3.25,0
"309",-12.3,15,4,1980,623.24,6.875,3.5
"316",-12.9,22,4,1980,625.22,6.25,0
"330",-13.4,36,5,1980,626.83,13.25,0
"337",-13.9,43,5,1980,628.27,8.25,0
"344",-13.9,50,5,1980,628.5,9.25,9.5
"351",-13.9,57,5,1980,628.47,8.125,5.7
"365",-12.9,71,6,1980,628.61,14.75,0
"372",-12.1,78,6,1980,628.54,15.75,0
"379",-12.1,85,6,1980,628.66,14.5,1
"386",-11.6,92,7,1980,628.64,14.75,0
"393",-11.2,99,7,1980,628.2,13.875,3
"400",-10.8,106,7,1980,627.71,11.25,4.5
"407",-9.5,113,7,1980,627.09,19.875,0
"414",-8.5,120,7,1980,626.36,18.5,0
"449",-4.6,155,9,1980,622.86,18.5,0
"463",-3.7,169,9,1980,621.35,18.375,0
"470",-3.3,176,9,1980,620.49,16.5,0
"477",-3.1,183,10,1980,619.36,17.25,0
"484",-3.3,190,10,1980,618.28,8.5,5
"491",-3.7,197,10,1980,617.14,8.875,0
"498",-4.2,204,10,1980,616.05,10.25,0
"505",-3.8,211,10,1980,614.87,13.625,0
"512",-4.6,218,11,1980,613.84,0.5,7.5
"520",-5.5,226,11,1980,614.21,5.5,0
"526",-6,232,11,1980,613.58,8,0
"534",-6.3,240,11,1980,612.37,1.5,0
"540",-7,246,12,1980,611.43,0.25,0
"547",-7.7,253,12,1980,610.56,-1,0
"555",-7.9,261,12,1980,609.55,2.375,0
"576",-8.3,282,1,1981,606.85,2.75,0
"583",-8.4,289,1,1981,606.76,5,0
"590",-8.4,296,1,1981,606.68,7.875,0
"597",-8.6,303,1,1981,606.57,3.75,0
"603",-8.6,309,2,1981,606.46,6.25,0
"610",-8.6,316,2,1981,606.36,1.875,0
"617",-8.7,323,2,1981,606.23,2.5,0
"625",-9,331,2,1981,606.12,3.5,7.5
"631",-8.7,337,3,1981,605.88,6.75,0
"639",-7.5,345,3,1981,605.62,12.25,0
"645",-7.8,351,3,1981,605.56,4,0
"652",-6.7,358,3,1981,605.29,12.125,0
"659",-7.2,365,4,1981,606.94,10,0
"666",-6.8,372,4,1981,607.5,12,0
"680",-6.9,386,4,1981,608.11,6.5,7.5
"687",-8.4,393,4,1981,613.83,9.75,0
"694",-8.2,400,5,1981,615.36,12.375,0
"701",-9.3,407,5,1981,618.66,10.5,0
"709",-9.5,415,5,1981,620.2,11.5,8
"716",-9.6,422,5,1981,621.09,12.125,0
"723",-9,429,6,1981,621.58,14,0
"730",-7.6,436,6,1981,621.69,21.875,0
"744",-7.1,450,6,1981,621.22,14.875,35
"751",-10.2,457,7,1981,628.31,16.75,0
"757",-9.7,463,7,1981,628.3,17,0
"765",-9,471,7,1981,628.41,20,0
"771",-9.1,477,7,1981,628.3,17.25,0
"779",-8.8,485,7,1981,628.28,21.5,0
"786",-8.4,492,8,1981,628.04,20.375,0
"792",-8.2,498,8,1981,627.69,17.875,0
"807",-7.2,513,8,1981,626.96,18.75,0
"813",-7,519,9,1981,626.65,17,3.5
"827",-6.3,533,9,1981,625.92,20,0
"834",-6.7,540,9,1981,625.4,14.5,4
"841",-7.1,547,10,1981,625.06,14,0
"848",-7.3,554,10,1981,624.77,15.5,0
"855",-6.9,561,10,1981,624.07,14.5,0
"862",-6.9,568,10,1981,623.3,9.25,0
"869",-6.9,575,10,1981,622.47,10.25,0
"877",-6.9,583,11,1981,621.42,12,0
"884",-7.4,590,11,1981,620.47,6.25,0
"890",-7.7,596,11,1981,619.64,7.75,0
"897",-7.9,603,11,1981,618.71,6,0
"905",-8.5,611,12,1981,617.58,2.25,0
"918",-8.6,624,12,1981,615.74,7.25,0
"925",-9.1,631,12,1981,614.78,5.75,6
"932",-9.1,638,12,1981,616.27,5.25,24.5
"939",-10.4,645,1,1982,616.9,6.75,0
"947",-10.6,653,1,1982,616.58,7.75,3.5
"953",-13.5,659,1,1982,623.88,6.5,0
"960",-14.5,666,1,1982,624.83,4,0
"967",-14.5,673,2,1982,624.97,6.25,0.8
"981",-15.8,687,2,1982,627.23,7,0
"987",-16.4,693,2,1982,627.96,4,0
"994",-16,700,3,1982,628.25,7.875,0
"1002",-16.7,708,3,1982,627.94,7.375,0
"1007",-16.2,713,3,1982,627.9,6.75,0
"1016",-16.2,722,3,1982,627.84,6.5,0
"1022",-16.4,728,3,1982,628.29,9.125,6.5
"1037",-16,743,4,1982,628.56,6.75,0
"1042",-16.1,748,4,1982,628.08,10.125,6.5
"1051",-15.7,757,4,1982,628.23,11.75,0
"1058",-15.3,764,5,1982,628.19,9.75,5
"1065",-15,771,5,1982,628.03,13,0
"1072",-14.5,778,5,1982,628.46,14.75,4
"1080",-13.9,786,5,1982,628.44,16.75,0
"1086",-13.8,792,6,1982,628.44,15.5,0
"1092",-13.7,798,6,1982,628.5,19.25,0
"1100",-13.4,806,6,1982,628.06,19.75,0
"1115",-12.8,821,7,1982,627.44,25.25,0
"1121",-9.6,827,7,1982,626.89,28.25,1.2
"1128",-8.5,834,7,1982,626.11,24.75,0
"1142",-8.5,848,7,1982,624.58,21.5,0
"1177",-6.5,883,9,1982,624.61,15,0
"1184",-7,890,9,1982,625.36,16.75,0
"1192",-6.3,898,9,1982,625.02,18.75,0
"1198",-6.4,904,9,1982,624.47,17.5,0
"1205",-6.5,911,9,1982,624.01,15,12.5
"1212",-6.8,918,10,1982,623.33,9,0
"1219",-7,925,10,1982,622.54,14,0
"1226",-7.2,932,10,1982,621.75,13.375,0
"1233",-7.9,939,10,1982,622.39,11.5,0
"1240",-7.9,946,11,1982,621.91,11.25,0
"1247",-9.4,953,11,1982,624.96,8,0
"1254",-10.3,960,11,1982,624.84,6.875,0
"1261",-11.3,967,11,1982,625,5.75,0
"1268",-11.8,974,12,1982,625.34,4.375,0
"1275",-12.7,981,12,1982,625.17,6.25,0
"1282",-13.3,988,12,1982,625.03,3.75,0
"1289",-13.6,995,12,1982,624.91,0.25,0
"1296",-13.8,1002,12,1982,624.43,4.25,0
"1310",-14.2,1016,1,1983,623.27,2.125,0
"1317",-14.4,1023,1,1983,622.64,2.25,0
"1324",-14.2,1030,1,1983,621.9,8.625,0
"1331",-13.9,1037,2,1983,621.14,4,0
"1338",-14.1,1044,2,1983,620.33,-1.25,0
"1345",-14.5,1051,2,1983,619.47,0,0
"1352",-14,1058,2,1983,618.61,5.125,0
"1359",-13.4,1065,3,1983,618.2,8,0
"1366",-13,1072,3,1983,617.43,9,0
"1373",-12.5,1079,3,1983,616.6,6.75,0
"1380",-11.5,1086,3,1983,615.8,9.125,0
"1387",-11.5,1093,3,1983,614.96,6.5,0
"1394",-11.5,1100,4,1983,614.22,8.5,0
"1401",-10.7,1107,4,1983,613.48,7,0
"1408",-10.3,1114,4,1983,612.77,8.75,13.5
"1415",-9.9,1121,4,1983,612.29,10,0
"1422",-9.4,1128,5,1983,612.05,12.625,0
"1436",-8.3,1142,5,1983,611.03,12.75,0
"1443",-8,1149,5,1983,610.33,10.5,0
"1458",-4.8,1164,6,1983,608.79,22,0
"1465",-3.9,1171,6,1983,607.82,21.25,2
"1471",-4.3,1177,6,1983,606.99,17.5,4
"1478",-3.6,1184,6,1983,606.64,18.5,0
"1485",-2.9,1191,7,1983,606.06,20,0
"1492",-1.4,1198,7,1983,605.08,24.375,0
"1499",-0.5,1205,7,1983,603.95,25,0
"1506",0.6,1212,7,1983,603.01,26,0
"1541",1.2,1247,9,1983,601.45,21,0
"1555",1.5,1261,9,1983,600.43,19,0
"1562",1.7,1268,9,1983,599.64,20.5,0
"1569",2,1275,9,1983,598.53,15.75,0
"1576",2.1,1282,10,1983,597.5,17.375,0
"1583",1.7,1289,10,1983,596.67,13.25,0
"1590",1,1296,10,1983,596.03,12.5,0
"1597",0.2,1303,10,1983,595.26,10,0
"1604",-0.5,1310,11,1983,594.53,8.875,0
"1611",-1.2,1317,11,1983,598.79,13.5,4.5
"1618",-3.3,1324,11,1983,607.95,8.75,18
"1625",-5.2,1331,11,1983,611.6,9,0
"1632",-6.2,1338,12,1983,612.74,7.125,0
"1653",-8.9,1359,12,1983,615.66,3.5,0
"1660",-10,1366,12,1983,617.61,7.125,0
"1667",-11,1373,1,1984,618.5,1.75,0
"1674",-11.6,1380,1,1984,618.8,1.25,0
"1681",-12,1387,1,1984,618.89,3.25,0
"1688",-12.3,1394,1,1984,618.87,4.75,0
"1695",-12.4,1401,2,1984,618.84,5.5,8.5
"1702",-12.3,1408,2,1984,618.72,7.125,0
"1709",-12.7,1415,2,1984,618.48,-0.75,0
"1716",-12.7,1422,2,1984,617.92,4.5,0
"1723",-13,1429,3,1984,617.02,2.5,6.7
"1730",-13,1436,3,1984,616.29,6.125,0
"1737",-12.6,1443,3,1984,615.42,3.25,29
"1744",-12.4,1450,3,1984,615.13,5.25,25.5
"1751",-12.6,1457,3,1984,616.46,7.5,3.7
"1758",-12.9,1464,4,1984,618.73,7.125,11.5
"1765",-12.6,1471,4,1984,619.84,12.5,0
"1772",-12.7,1478,4,1984,620.57,11,0
"1779",-12.2,1485,4,1984,621.06,16.25,0
"1786",-12.4,1492,5,1984,621.4,10.875,2.5
"1793",-12.6,1499,5,1984,622.49,10.75,0
"1800",-13.2,1506,5,1984,623.01,9.25,4.2
"1807",-15.1,1513,5,1984,626.83,8.75,0
"1814",-16,1520,5,1984,629.14,11.5,7
"1821",-16.3,1527,6,1984,629.02,5.5,6
"1828",-15.2,1534,6,1984,629.18,17.875,0
"1842",-13.3,1548,6,1984,628.92,20.375,0
"1849",-12.8,1555,7,1984,628.9,19,18.7
"1856",-11.5,1562,7,1984,628.54,25.125,0
"1863",-10.9,1569,7,1984,628.05,21.25,0
"1870",-10,1576,7,1984,627.64,24.625,0
"1877",-9.2,1583,8,1984,627.12,21.5,0
"1884",-9.2,1590,8,1984,626.57,18.5,4.5
"1912",-8.1,1618,9,1984,625.15,18,0
"1919",-7.8,1625,9,1984,624.63,16.75,0
"1926",-7.8,1632,9,1984,624.04,15.125,0
"1940",-7,1646,10,1984,622.57,12.25,2.5
"1947",-7.4,1653,10,1984,621.51,14,0
"1954",-7.7,1660,10,1984,620.88,14.25,0
"1961",-7.5,1667,10,1984,620.24,14,0
"1975",-8.6,1681,11,1984,620.14,10.75,3
"1982",-10.5,1688,11,1984,623.45,9.125,10
"1989",-11.9,1695,11,1984,625.33,8.25,0
"1996",-12.5,1702,11,1984,625.59,5.625,0
"2010",-14.6,1716,12,1984,628.03,4.75,0
"2017",-15.3,1723,12,1984,627.69,1,0
"2024",-15.6,1730,12,1984,627.14,1.625,0
"2031",-15.8,1737,1,1985,626.43,1.5,0
"2038",-16.4,1744,1,1985,625.68,-6.125,0
"2045",-16.7,1751,1,1985,624.9,-7.25,0
"2052",-16.3,1758,1,1985,624.16,3.875,0
"2059",-16.2,1765,1,1985,623.36,5.5,0
"2066",-15.5,1772,2,1985,622.45,8.75,0
"2073",-15.5,1779,2,1985,621.54,8.5,0
"2080",-15,1786,2,1985,620.62,3.875,0
"2087",-14.4,1793,2,1985,619.67,7.5,0
"2094",-14.4,1800,3,1985,618.71,3.25,0
"2101",-14.1,1807,3,1985,617.75,3.25,0
"2108",-13.9,1814,3,1985,616.72,4.375,2
"2115",-13.5,1821,3,1985,615.7,5,0
"2122",-12.1,1828,4,1985,614.62,12.625,0
"2129",-11.3,1835,4,1985,613.78,6.5,0
"2136",-10.3,1842,4,1985,612.66,12,0
"2143",-10.3,1849,4,1985,611.64,9.75,1.5
"2150",-9.6,1856,5,1985,610.95,14.625,0
"2157",-10.3,1863,5,1985,612.72,10.25,0
"2164",-10.9,1870,5,1985,614.27,9.5,0
"2171",-12.2,1877,5,1985,620,11,3.5
"2178",-12.6,1884,5,1985,622.25,16,0
"2192",-11.4,1898,6,1985,623.02,18.5,0
"2199",-10.8,1905,6,1985,622.7,16.75,0
"2206",-10,1912,6,1985,622.11,19.75,15
"2213",-8.9,1919,7,1985,621.64,21,0
"2221",-8.1,1927,7,1985,621.04,19.75,0
"2227",-7.6,1933,7,1985,620.47,23,0
"2234",-6.3,1940,7,1985,619.58,24.125,0
"2241",-5.8,1947,8,1985,618.66,20,0
"2248",-5.3,1954,8,1985,617.87,17.25,0
"2262",-2.6,1968,8,1985,615.84,23.625,0
"2269",-2.4,1975,8,1985,614.76,21.5,0
"2276",-1.8,1982,9,1985,613.58,22.625,0
"2283",-0.7,1989,9,1985,612.33,20.5,0
"2290",-1.2,1996,9,1985,611.08,17.75,0
"2297",-1.2,2003,9,1985,609.76,19.25,12
"2304",-0.6,2010,10,1985,608.4,18.375,0
"2306",-9.4,2012,10,1985,608,16.5,0
"2311",-0.9,2017,10,1985,606.96,12.75,0
"2318",-0.5,2024,10,1985,605.45,15.625,0
"2325",-0.8,2031,10,1985,603.98,13,0.7
"2332",-2.1,2038,10,1985,602.45,10,0
"2339",-1.9,2045,11,1985,600.86,11.25,0
"2346",-2.4,2052,11,1985,600.52,4.5,0
"2353",-3.7,2059,11,1985,600.14,-1.75,0
"2360",-4.7,2066,11,1985,599.41,1.125,0
"2374",-5.7,2080,12,1985,597.83,2.75,0
"2381",-6.2,2087,12,1985,597.28,7.25,0
"2395",-6.9,2101,1,1986,596.1,0.75,0
"2402",-7.4,2108,1,1986,595.52,2.375,0
"2409",-7.4,2115,1,1986,594.95,4.5,0
"2416",-7.4,2122,1,1986,594.34,3.5,0
"2423",-7.8,2129,1,1986,593.68,-0.5,0
"2430",-8.2,2136,2,1986,593.05,0.25,0
"2437",-8.5,2143,2,1986,592.43,-0.5,0
"2444",-8.5,2150,2,1986,592.15,4.375,0
"2451",-8.4,2157,2,1986,591.88,6.5,0
"2458",-7.7,2164,3,1986,592.64,5.5,0
"2465",-8.2,2171,3,1986,592.74,5.25,0
"2472",-7.5,2178,3,1986,592.29,8.125,13.7
"2479",-7.7,2185,3,1986,591.94,4.75,0
"2486",-7.2,2192,4,1986,591.69,8.875,0
"2493",-8.1,2199,4,1986,595.13,3.25,0
"2500",-8.3,2206,4,1986,597.81,6.25,1.5
"2507",-8.2,2213,4,1986,599.12,9.25,0
"2521",-8.6,2227,5,1986,604.94,12,0
"2528",-7.6,2234,5,1986,606.92,17.5,0
"2535",-6.7,2241,5,1986,608.25,19.75,0
"2549",-6.9,2255,6,1986,612.32,17,0
"2556",-6.6,2262,6,1986,612.38,19.5,0
"2563",-6.3,2269,6,1986,612.18,18,0
"2570",-5,2276,6,1986,611.87,21.875,0
"2612",-0.4,2318,8,1986,606.51,22.5,0
"2619",-0.2,2325,8,1986,605.46,20.75,8.75
"2626",0.2,2332,8,1986,604.3,22.375,0
"2633",0.8,2339,8,1986,603.15,15,34.2
"2640",0.8,2346,9,1986,601.96,19.625,0
"2654",1.4,2360,9,1986,599.8,18,0
"2661",1.4,2367,9,1986,598.76,19.75,1
"2668",1,2374,10,1986,598.5,17,31
"2675",0.9,2381,10,1986,601.35,18,0
"2682",0,2388,10,1986,602.3,14.25,20.5
"2689",-0.8,2395,10,1986,603.49,14.5,0
"2696",-1.8,2402,10,1986,603.19,9.25,0
"2703",-2.6,2409,11,1986,602.45,7,0
"2710",-2.9,2416,11,1986,601.58,9.875,0
"2717",-3.5,2423,11,1986,601,6,0
"2724",-4.1,2430,11,1986,600.09,5.25,0
"2731",-4.6,2437,12,1986,599.05,5,0
"2738",-5.2,2444,12,1986,598.05,3.375,0
"2745",-5.9,2451,12,1986,597.02,3,0
"2766",-6.8,2472,1,1987,593.6,0.375,0
"2773",-6.9,2479,1,1987,592.48,-3.5,0
"2780",-7.2,2486,1,1987,591.21,1,0
"2787",-6.9,2493,1,1987,590.05,7.75,0
"2794",-6.8,2500,2,1987,589.7,4.625,2
"2801",-6.8,2507,2,1987,589.26,5.75,1
"2808",-7.3,2514,2,1987,588.43,-0.5,3.5
"2815",-7.2,2521,2,1987,587.61,4.5,0
"2822",-6.4,2528,3,1987,586.73,8.625,0
"2829",-6.4,2535,3,1987,586.1,7.75,8.5
"2836",-6.6,2542,3,1987,586.46,4.375,0
"2843",-6.6,2549,3,1987,586.22,10,5.5
"2850",-6.6,2556,4,1987,585.81,6.5,0
"2857",-6.7,2563,4,1987,594.17,13,8.5
"2864",-7.3,2570,4,1987,598.37,10.375,0
"2871",-6.9,2577,4,1987,600.28,11.5,23
"2878",-6.5,2584,4,1987,601.72,13.75,0
"2885",-6.6,2591,5,1987,602.2,10.75,0
"2892",-6.2,2598,5,1987,601.97,11.75,0
"2899",-6.4,2605,5,1987,602.5,11.5,0
"2906",-5.8,2612,5,1987,603.17,14.25,11
"2913",-4.7,2619,6,1987,603.26,17.5,4
"2920",-4.5,2626,6,1987,602.72,14.625,6.5
"2934",-3,2640,6,1987,602.32,20.625,0
"2941",-1.7,2647,7,1987,601.66,23,0
"2948",-1.5,2654,7,1987,600.77,22,11.5
"2955",-0.2,2661,7,1987,600.02,19.75,0
"2962",0.1,2668,7,1987,599.4,17.125,14.5
"2969",0.1,2675,7,1987,601.42,22.5,0
"3004",1.1,2710,9,1987,602.72,20.375,10.5
"3011",0.8,2717,9,1987,605.36,21,0
"3018",1.5,2724,9,1987,605.35,22.625,0
"3025",1.7,2731,9,1987,604.63,21,0
"3032",1.2,2738,10,1987,603.87,15.75,10.5
"3039",-1.8,2745,10,1987,613.69,13.75,0
"3046",-6.8,2752,10,1987,625.54,14.375,0
"3053",-8.7,2759,10,1987,627.53,10.75,0
"3060",-9.3,2766,10,1987,627.69,13.875,6.2
"3067",-10.4,2773,11,1987,627.34,8.75,0
"3074",-10.9,2780,11,1987,626.89,8.125,0
"3081",-11.5,2787,11,1987,626.84,9.25,0
"3088",-12.3,2794,11,1987,626.56,2.25,0
"3095",-12.5,2801,12,1987,626.02,4.75,5.5
"3102",-14.3,2808,12,1987,629.28,4.625,0
"3109",-14.6,2815,12,1987,628.85,8.25,0
"3116",-14.7,2822,12,1987,628.6,8,0
"3123",-15.2,2829,12,1987,628.505,5.25,0
"3130",-15.8,2836,1,1988,628.46,4.25,0
"3137",-16,2843,1,1988,628.32,4.75,14
"3144",-16.6,2850,1,1988,628.71,6,3
"3151",-16.5,2857,1,1988,628.54,9,0
"3158",-16.7,2864,2,1988,628.4,4.375,0
"3165",-16.7,2871,2,1988,627.88,4.75,0
"3172",-16.5,2878,2,1988,627.18,5,0
"3179",-16.3,2885,2,1988,626.44,2,0
"3186",-16.4,2892,3,1988,625.66,2.125,0
"3193",-16.2,2899,3,1988,625.01,5,0
"3200",-15.8,2906,3,1988,624.48,9.875,0
"3207",-15.4,2913,3,1988,623.95,10,0
"3214",-14.9,2920,3,1988,623.41,7.75,0
"3221",-15,2927,4,1988,623.01,6.75,4.7
"3228",-14.6,2934,4,1988,623.07,11.25,0
"3235",-14.5,2941,4,1988,624.06,12.25,0
"3242",-14.9,2948,4,1988,624.75,11.5,0
"3249",-14.7,2955,5,1988,624.87,10.5,0
"3256",-15,2962,5,1988,627.16,13.625,7.5
"3263",-15.7,2969,5,1988,628.4,14.25,5.5
"3270",-15,2976,5,1988,627.61,15,1.2
"3284",-15.5,2990,6,1988,629.38,14,0
"3291",-15.2,2997,6,1988,629.6,17.25,0
"3298",-14.8,3004,6,1988,629.7,20.125,0.7
"3305",-14.9,3011,6,1988,630.18,17.25,1.5
"3312",-14.5,3018,7,1988,630.07,18.875,0
"3319",-13.6,3025,7,1988,629.95,24.25,0
"3326",-13,3032,7,1988,629.67,24.625,0
"3333",-12.2,3039,7,1988,629.16,24,0
"3340",-10.6,3046,8,1988,628.54,23.75,0
"3347",-9.9,3053,8,1988,627.56,24.25,0
"3361",-8.5,3067,8,1988,625.58,19.75,0
"3368",-7.9,3074,9,1988,624.55,20,0
"3382",-6.7,3088,9,1988,622.43,13.375,0
"3389",-6.5,3095,9,1988,621.32,16.75,0
"3396",-5.7,3102,9,1988,620.32,18.75,0
"3403",-6.2,3109,10,1988,619.5,13.75,0
"3410",-6,3116,10,1988,618.63,12.25,0
"3417",-6.5,3123,10,1988,619.12,11.5,0
"3424",-6.7,3130,10,1988,619.21,14.75,0
"3431",-7,3137,11,1988,618.88,12.5,0
"3445",-8.9,3151,11,1988,620.66,8,0
"3452",-9.5,3158,11,1988,620.81,0.75,0
"3459",-10.4,3165,12,1988,620.57,3.75,0
"3473",-11.5,3179,12,1988,619.85,3,0
"3480",-11.9,3186,12,1988,619.35,3.25,0
"3487",-11.9,3193,12,1988,618.46,4,0
"3494",-12.2,3200,1,1989,617.54,3,0
"3501",-12.3,3207,1,1989,616.6,4.75,0
"3508",-12.2,3214,1,1989,615.66,2.5,0
"3515",-12.7,3221,1,1989,615.04,2.5,0
"3522",-12.4,3228,2,1989,614.35,5,0
"3529",-12.6,3235,2,1989,613.68,4.25,0
"3536",-12.3,3242,2,1989,612.95,5.25,0
"3543",-11.7,3249,2,1989,612.21,6.75,0
"3550",-11.5,3256,3,1989,611.52,7.75,0
"3557",-11,3263,3,1989,610.8,5.5,0
"3564",-10.4,3270,3,1989,610.07,10.25,0
"3571",-10.2,3277,3,1989,609.34,12.5,0
"3578",-9.4,3284,3,1989,608.6,14.5,0
"3585",-9.9,3291,4,1989,608.15,4.75,0
"3592",-10,3298,4,1989,608.75,6,2
"3599",-10,3305,4,1989,609.02,10.5,0
"3606",-10.4,3312,4,1989,610.46,4,1
"3613",-10.3,3319,5,1989,611.56,13.25,0
"3620",-9.2,3326,5,1989,612.14,15.25,0
"3627",-8.8,3333,5,1989,612.74,16.25,0
"3641",-8.2,3347,6,1989,612.53,14,8
"3648",-8.2,3354,6,1989,612.96,15.5,0.7
"3655",-7.4,3361,6,1989,614.16,19.5,8
"3662",-6.7,3368,6,1989,614.07,22.25,0
"3669",-5.8,3375,6,1989,613.61,20,0
"3676",-4.9,3382,7,1989,612.9,21.5,0
"3683",-4.2,3389,7,1989,612.14,20.75,0
"3690",-3,3396,7,1989,610.99,23,0
"3697",-2.1,3403,7,1989,609.44,23.5,0
"3746",0.4,3452,9,1989,601.87,18.25,0
"3753",0.6,3459,9,1989,601.39,18,0
"3760",0.3,3466,9,1989,601.58,14.75,0
"3767",0,3473,10,1989,600.52,16.25,0
"3781",-0.6,3487,10,1989,597.76,12,0
"3788",-0.9,3494,10,1989,596.35,13,0
"3795",-1,3501,11,1989,595.13,13.5,0
"3802",-1.4,3508,11,1989,593.59,9,0
"3809",-1.9,3515,11,1989,591.85,7.75,0
"3816",-2.7,3522,11,1989,595.6,8.75,0
"3823",-3.2,3529,11,1989,597.11,8.25,0
"3830",-4.8,3536,12,1989,597.82,6.25,0
"3837",-5.3,3543,12,1989,597.89,7,0
"3844",-6.2,3550,12,1989,600.58,6,0
"3851",-6.6,3557,12,1989,601.96,6.75,0
"3858",-7.4,3564,1,1990,602.4,3.25,0
"3865",-8.2,3571,1,1990,602.38,5,0
"3872",-8.6,3578,1,1990,602.01,3.25,0
"3879",-8.6,3585,1,1990,601.37,5.5,0
"3886",-8.8,3592,2,1990,600.77,3.75,0
"3893",-8.6,3599,2,1990,600.12,7.5,0
"3900",-8.6,3606,2,1990,599.41,9,0
"3907",-8,3613,2,1990,598.61,7.75,0
"3914",-7.4,3620,3,1990,597.69,10.75,0
"3921",-7.7,3627,3,1990,596.56,10,0
"3928",-7.1,3634,3,1990,595.48,8.25,0
"3935",-6.3,3641,3,1990,594.37,15.25,0
"3942",-6.5,3648,3,1990,593.12,6.5,0
"3949",-6.4,3655,4,1990,592.37,7.75,9.5
"3956",-6.4,3662,4,1990,592.09,12,0
"3963",-6.4,3669,4,1990,590.89,8.5,0
"3970",-6.3,3676,4,1990,590.27,8,5
"3977",-5.9,3683,5,1990,591.24,12.75,0
"3984",-5.6,3690,5,1990,591.53,13,0
"3991",-4.6,3697,5,1990,591.89,17.25,0
"3998",-4.1,3704,5,1990,594.11,15.5,3
"4005",-5.2,3711,5,1990,600.82,14.25,2.5
"4012",-4.8,3718,6,1990,603.21,16.5,0
"4026",-5.4,3732,6,1990,610.65,18.75,0
"4033",-4.9,3739,6,1990,611.62,20.25,4.5
"4040",-4.4,3746,7,1990,612.12,19.25,0
"4047",-3.8,3753,7,1990,612.57,19.25,0
"4054",-3,3760,7,1990,612.33,24.75,0
"4061",-2.6,3767,7,1990,612.35,24,0
"4117",-2.3,3823,9,1990,615.37,20.25,0
"4124",-2.8,3830,9,1990,615.77,17.25,0
"4131",-3.6,3837,10,1990,617.91,17.75,4
"4138",-4.8,3844,10,1990,619.19,16.75,3
"4145",-6.7,3851,10,1990,622.28,12.25,0
"4152",-8.1,3858,10,1990,623.83,12,0
"4166",-9.2,3872,11,1990,623.47,8.5,3.5
"4173",-10,3879,11,1990,623.92,10.25,0
"4180",-10.5,3886,11,1990,623.6,10.25,2.5
"4187",-11.6,3893,11,1990,623.43,3.15,0
"4201",-13.1,3907,12,1990,623.1,2.25,0
"4208",-13.7,3914,12,1990,622.96,2.75,0
"4215",-14.2,3921,12,1990,622.73,4.5,0
"4222",-14.4,3928,1,1991,622.61,4.25,0
"4229",-14.8,3935,1,1991,622.45,5.75,0
"4236",-15.2,3942,1,1991,622.32,3.5,0
"4243",-15.4,3949,1,1991,622.16,1.5,0
"4250",-15.5,3956,1,1991,621.96,4,0
"4257",-15.9,3963,2,1991,621.77,1,0
"4264",-16,3970,2,1991,621.55,-0.75,0
"4271",-15.9,3977,2,1991,621.42,6.25,0
"4278",-15.4,3984,2,1991,621.39,7.5,2
"4285",-15.9,3991,3,1991,622.31,8.25,31.5
"4292",-17.3,3998,3,1991,626.28,8.5,0
"4299",-17.2,4005,3,1991,627.15,12.75,0
"4306",-17.4,4012,3,1991,627.69,10,0
"4313",-17.9,4019,4,1991,628.38,8.75,1.5
"4320",-17.5,4026,4,1991,628.65,11.25,0
"4327",-17.7,4033,4,1991,628.78,9.25,0
"4334",-17.7,4040,4,1991,628.69,8.75,21
"4341",-17.7,4047,5,1991,628.74,9.25,17.5
"4348",-18.2,4054,5,1991,629.05,5,51
"4355",-17.7,4061,5,1991,629.7,14.75,0
"4362",-17.3,4068,5,1991,629.64,17.25,0
"4376",-16.7,4082,6,1991,630.09,17,0
"4383",-15.9,4089,6,1991,629.99,21,0
"4397",-14.2,4103,6,1991,629.62,23.25,0
"4404",-14,4110,7,1991,629.19,19.75,0
"4411",-13.1,4117,7,1991,628.73,24.5,0
"4418",-11.9,4124,7,1991,628.26,24.25,0
"4425",-11.2,4131,7,1991,627.78,23.25,0
"4481",-7.6,4187,9,1991,625.16,22.75,0
"4488",-7,4194,9,1991,623.78,15.5,21.5
"4495",-7.5,4201,10,1991,622.76,13.75,0
"4502",-7.5,4208,10,1991,622.36,17,0
"4509",-8.2,4215,10,1991,622.11,10.5,0
"4516",-8.8,4222,10,1991,621.79,8,0
"4523",-9.5,4229,10,1991,622.43,8.5,0
"4530",-10,4236,11,1991,622.46,6,0
"4537",-10.9,4243,11,1991,622.24,6.25,0.6
"4544",-11.7,4250,11,1991,622.02,4.75,3
"4551",-12.3,4257,11,1991,621.78,6.5,0
"4558",-15.6,4264,12,1991,628.64,7,0
"4565",-16.6,4271,12,1991,628.82,3.25,11.5
"4572",-17.3,4278,12,1991,628.6,1.5,0
"4593",-18.3,4299,1,1992,628.21,5.25,0
"4600",-18.7,4306,1,1992,628.01,3,0
"4607",-19.3,4313,1,1992,627.7,0.5,0
"4614",-20.6,4320,1,1992,628.1,4.75,0
"4621",-20.3,4327,2,1992,628.19,4.5,0
"4628",-19.6,4334,2,1992,628.3,9.25,0
"4635",-19.9,4341,2,1992,628.33,1.25,0
"4642",-19.9,4348,2,1992,628.22,6.25,0
"4649",-19.9,4355,3,1992,628.13,9.75,16
"4656",-20,4362,3,1992,628.77,8.25,0
"4663",-20,4369,3,1992,629.18,7.75,2.5
"4670",-20.1,4376,3,1992,629.49,2.5,0
"4677",-20,4383,4,1992,629.29,5.75,1
"4684",-20.1,4390,4,1992,629.17,6,2
"4691",-19.4,4397,4,1992,628.82,8.75,0
"4698",-18.7,4404,4,1992,628.36,14.75,0
"4705",-18.2,4411,4,1992,628.64,9.5,0
"4712",-18.4,4418,5,1992,629.48,13,0
"4719",-17.7,4425,5,1992,629.34,16.75,0
"4726",-17,4432,5,1992,628.74,13.25,12.5
"4733",-16.7,4439,5,1992,628.92,16,0
"4740",-17.2,4446,6,1992,629.8,14,0
"4747",-17,4453,6,1992,628.59,9.75,4.5
"4761",-16.6,4467,6,1992,628.93,15.25,0
"4768",-16.3,4474,7,1992,629.45,14.75,13.5
"4817",-11.6,4523,8,1992,627.62,24.75,0
"4824",-10.3,4530,8,1992,626.46,24,0
"4845",-10.3,4551,9,1992,625.48,19.5,0
"4852",-10.1,4558,9,1992,624.92,13.5,0
"4866",-11.3,4572,10,1992,624.86,17.25,2
"4873",-11.9,4579,10,1992,624.48,13,0
"4880",-14.2,4586,10,1992,627.37,8.5,0
"4887",-14.1,4593,10,1992,626.98,15.5,1
"4894",-15.2,4600,11,1992,628.44,14.25,0
"4901",-14.9,4607,11,1992,627.33,13,0
"4908",-15.1,4614,11,1992,626.31,9.75,0
"4915",-15.2,4621,11,1992,625.92,11.75,0
"4922",-15.3,4628,12,1992,625.64,10.25,0
"4929",-15.7,4635,12,1992,625.37,8.5,0
"4936",-16.3,4642,12,1992,625.17,8.25,13.5
"4957",-17.7,4663,1,1993,625.10095,7.5,0
"4964",-17.4,4670,1,1993,624.7975,9.25,0
"4971",-17.6,4677,1,1993,624.4315,8,0
"4978",-17.5,4684,1,1993,624.03845,7.25,0
"4985",-17.6,4691,2,1993,623.6605,9.5,0
"4992",-17.8,4698,2,1993,623.7505,8.5,0
"4999",-17.8,4705,2,1993,623.69,8.75,0
"5006",-17.8,4712,2,1993,623.4005,4.75,0
"5013",-18.2,4719,3,1993,623.051,5.25,0
"5020",-17.9,4726,3,1993,622.871,9.5,0
"5027",-17.9,4733,3,1993,623.5425,13.75,0
"5034",-18,4740,3,1993,624.6325,10.25,24.5
"5041",-18.1,4747,4,1993,625.612,11.75,0
"5048",-18.1,4754,4,1993,625.782,15.25,0
"5055",-18.2,4761,4,1993,625.92847,11.25,2.5
"5062",-17.5,4768,4,1993,625.748,13.25,0
"5069",-18.5,4775,4,1993,626.7405,7,1
"5076",-19.1,4782,5,1993,628.67,13.25,0
"5083",-19.4,4789,5,1993,629.2825,13.25,35.5
"5090",-18.9,4796,5,1993,628.92,10.25,28
"5097",-18,4803,5,1993,628.7975,16.75,0
"5104",-17.1,4810,6,1993,628.4017,18.5,0
"5118",-15.9,4824,6,1993,628.1025,20.5,0
"5132",-14.7,4838,7,1993,627.91095,20,52.5
"5139",-14.4,4845,7,1993,628.07104,20.25,0
"5146",-13.7,4852,7,1993,627.6915,22.25,0
"5153",-13,4859,7,1993,627.199,19.5,0
"5160",-12.1,4866,7,1993,626.68896,26.75,0
"5167",-11,4873,8,1993,626.1025,28.25,0
"5175",-10.5,4881,8,1993,625.47,22,2
"5181",-10.3,4887,8,1993,624.964,25.5,0
"5188",-10.3,4894,8,1993,624.4,21,0
"5216",-8.8,4922,9,1993,621.55,13.75,11
"5223",-9.3,4929,9,1993,620.98,14.75,24
"5230",-9.8,4936,10,1993,620.43,10.75,0.7
"5237",-9.7,4943,10,1993,620.26,9,21.5
"5244",-10.2,4950,10,1993,620.9325,13,0
"5251",-10.9,4957,10,1993,620.7625,10.75,2
"5258",-12,4964,11,1993,622.2,11,0
"5265",-12.7,4971,11,1993,622.54,8.25,1.2
"5272",-13.3,4978,11,1993,622.49097,5.25,0
"5279",-13.5,4985,11,1993,622.148,7.5,1.5
"5286",-13.4,4992,12,1993,621.6595,2.75,0
"5293",-14.1,4999,12,1993,621.1295,6.5,0
"5300",-14.3,5006,12,1993,620.5905,2.25,0
"5307",-14.4,5013,12,1993,620.031,1.25,0
"5314",-14.6,5020,12,1993,619.51855,1,0
"5328",-15.6,5034,1,1994,619.804,5.5,0
"5335",-15.8,5041,1,1994,619.686,0.25,0
"5349",-15.5,5055,2,1994,618.756,4.75,0
"5356",-15.9,5062,2,1994,618.72,6.75,0
"5363",-16.3,5069,2,1994,618.639,4.5,0
"5370",-15.9,5076,2,1994,618.53,8,0
"5377",-15.9,5083,3,1994,618.484,8.5,0
"5384",-15.3,5090,3,1994,618.674,12.75,0
"5391",-15,5097,3,1994,618.75,10.25,0
"5398",-14.5,5104,3,1994,618.495,12.5,0
"5405",-14.1,5111,3,1994,618.17,12,0
"5412",-14.4,5118,4,1994,617.735,9.25,0
"5419",-14.5,5125,4,1994,617.12,11.5,0
"5433",-14.2,5139,4,1994,616.571,16,0
"5440",-13,5146,5,1994,616.58,14.75,0.5
"5447",-12.6,5153,5,1994,616.597,12.25,1.7
"5454",-13,5160,5,1994,617.208,13,0
"5461",-11.9,5167,5,1994,617.149,18,0
"5475",-9.7,5181,6,1994,616.36,21.25,28.5
"5482",-9.4,5188,6,1994,615.825,21.5,0
"5489",-8.4,5195,6,1994,615.27246,23.5,0
"5496",-7.7,5202,6,1994,614.775,25.25,0
"5503",-6.4,5209,7,1994,614.246,23.75,0
"5580",-2,5286,9,1994,605.379,12.75,16.5
"5587",-3,5293,9,1994,607.803,17.25,0
"5594",-4.7,5300,10,1994,612.3,10.25,1
"5601",-8.8,5307,10,1994,622.9617,17,4
"5608",-10.8,5314,10,1994,626.389,14.75,1
"5615",-11.7,5321,10,1994,627.065,10.75,0
"5622",-12.4,5328,11,1994,627.769,14.75,0
"5629",-14.1,5335,11,1994,629.64,8.75,1.5
"5636",-13.1,5342,11,1994,626.755,11.75,0
"5643",-13.5,5349,11,1994,627.084,7.25,0
"5650",-14.5,5356,12,1994,627.065,8.5,0
"5664",-15.2,5370,12,1994,626.689,9.75,0
"5671",-16,5377,12,1994,626.414,1.5,0
"5678",-16.3,5384,12,1994,626.057,4,0
"5685",-16.7,5391,1,1995,625.683,-1,0
"5692",-16.7,5398,1,1995,625.282,8.5,0
"5699",-16.6,5405,1,1995,624.961,2.25,15
"5706",-16.6,5412,1,1995,624.638,8,0
"5713",-17.1,5419,2,1995,624.23,8,0
"5720",-16.7,5426,2,1995,623.777,5.75,0
"5727",-16.9,5433,2,1995,623.34,9,0
"5734",-16.6,5440,2,1995,622.89,4,1.3
"5741",-16.5,5447,3,1995,622.43,8.25,0
"5748",-16.6,5454,3,1995,621.942,4.75,0
"5755",-16.6,5461,3,1995,621.435,9,0
"5762",-15.7,5468,3,1995,620.943,5.75,0
"5769",-15.2,5475,3,1995,620.428,12.5,0
"5776",-14.6,5482,4,1995,619.907,14.25,0
"5783",-14.2,5489,4,1995,619.361,14.5,0
"5790",-13.6,5496,4,1995,618.815,12.5,1.3
"5797",-14,5503,4,1995,618.331,9.5,0
"5804",-13,5510,5,1995,617.794,15.5,0
"5811",-12.5,5517,5,1995,617.36,15.5,10
"5818",-12.6,5524,5,1995,618.585,16,0
"5825",-12.2,5531,5,1995,618.163,17.5,0
"5832",-11.6,5538,6,1995,617.677,15,0
"5839",-11,5545,6,1995,617.134,19,9
"5853",-10.8,5559,6,1995,619.225,17.75,0
"5860",-10.4,5566,6,1995,619.04,20.25,0
"5867",-10.1,5573,7,1995,618.71,18.25,0
"5874",-9.2,5580,7,1995,618.22,22.5,0
"5881",-8.5,5587,7,1995,617.695,26,0
"5888",-6.8,5594,7,1995,617.214,26.5,0
"5909",-6.6,5615,8,1995,617.935,23.75,0
"5944",-9.7,5650,9,1995,622.852,12,0
"5972",-9.7,5678,10,1995,622.674,17.25,0
"5979",-10.1,5685,10,1995,622.3,16,0
"5986",-10.4,5692,11,1995,621.846,13,0
"5993",-10.7,5699,11,1995,621.37,11.75,0
"6000",-11.1,5706,11,1995,620.896,7.75,0
"6007",-11.4,5713,11,1995,620.383,8.5,0
"6014",-11.8,5720,11,1995,620.212,6,1.5
"6021",-12.2,5727,12,1995,619.883,2.5,0
"6028",-13.9,5734,12,1995,621.823,-0.5,0
"6035",-17,5741,12,1995,627.61,7.75,0
"6042",-17.6,5748,12,1995,628.259,2.5,0
"6049",-18.1,5755,1,1996,628.232,3,0
"6056",-18.7,5762,1,1996,628.8092,3.5,5.5
"6063",-18.4,5769,1,1996,627.821,8.25,0
"6070",-18.3,5776,1,1996,626.519,3.5,8.5
"6077",-18.7,5783,2,1996,626.531,3.5,0.5
"6084",-18.9,5790,2,1996,626.513,5.75,7.5
"6091",-19,5797,2,1996,626.665,3.5,0
"6098",-19,5804,2,1996,626.547,-0.75,0
"6105",-18.9,5811,2,1996,626.648,8,0
"6112",-19.1,5818,3,1996,626.686,0.75,7.5
"6119",-19.4,5825,3,1996,626.741,5.75,0.5
"6126",-19.5,5832,3,1996,626.678,9,0
"6133",-19.2,5839,3,1996,627.375,10.75,0
"6140",-19.5,5846,4,1996,627.82,4.75,0
"6147",-19.2,5853,4,1996,627.825,13.5,0
"6154",-18.9,5860,4,1996,628.1,7.5,2.5
"6161",-18.8,5867,4,1996,628.3,13.25,0.5
"6168",-17.9,5874,5,1996,626.13,9,1
"6175",-17.5,5881,5,1996,626.37,13,4
"6182",-18,5888,5,1996,627.573,15,0
"6189",-17.6,5895,5,1996,627.25,14.5,0
"6196",-16.6,5902,5,1996,627.315,20.5,0
"6210",-15.5,5916,6,1996,627.58,22,14
"6217",-15.3,5923,6,1996,627.4,21.25,6
"6224",-14.9,5930,6,1996,626.95,17.5,0
"6231",-13.7,5937,7,1996,626.437,20.75,0
"6238",-13.3,5944,7,1996,626.16,21,0
"6245",-12.7,5951,7,1996,625.721,23.5,3
"6252",-11.6,5958,7,1996,625.415,26,0
"6294",-9.8,6000,9,1996,623.642,17,0
"6308",-10.1,6014,9,1996,623.04,13.5,0.5
"6322",-10.2,6028,10,1996,622.17,10.5,0
"6329",-10.9,6035,10,1996,621.66,12.75,0
"6336",-11.2,6042,10,1996,622.739,10,0
"6343",-11,6049,10,1996,622.822,15.75,0
"6350",-11.5,6056,10,1996,622.513,9.25,0
"6357",-11.5,6063,11,1996,622.107,7.75,0
"6364",-13.9,6070,11,1996,627.719,9,16
"6371",-14.7,6077,11,1996,625.839,4,0
"6378",-14.8,6084,11,1996,625.031,7,0
"6385",-15.4,6091,12,1996,625.49,4,10
"6392",-16.1,6098,12,1996,625.425,7,0
"6399",-16.4,6105,12,1996,625.04,5,24.5
"6413",-17.7,6119,1,1997,626.056,0.25,11
"6420",-18.3,6126,1,1997,626.1,-0.25,19
"6427",-18.1,6133,1,1997,625.543,6.5,0
"6434",-19.2,6140,1,1997,627.837,8.5,5.5
"6441",-18.8,6147,1,1997,626.541,6.25,0
"6448",-18.6,6154,2,1997,626.076,6,0
"6455",-18.5,6161,2,1997,626.181,8.5,0
"6462",-18.4,6168,2,1997,625.94,7.5,0
"6469",-18.2,6175,2,1997,626,10.25,0
"6476",-17.7,6182,3,1997,626.101,12.5,0
"6483",-17.5,6189,3,1997,625.998,9,0
"6490",-16.9,6196,3,1997,625.76,10.75,0
"6497",-16.6,6203,3,1997,625.351,10,0
"6504",-16.3,6210,4,1997,625.196,12.5,0
"6511",-15.9,6217,4,1997,625.195,10,0
"6518",-15.3,6224,4,1997,625.153,14.5,0.5
"6525",-15.7,6231,4,1997,625.314,10.25,0
"6539",-16.2,6245,5,1997,625.306,8,0
"6546",-15.5,6252,5,1997,625.164,15.5,0
"6553",-15.3,6259,5,1997,625.223,13,0
"6567",-14.5,6273,6,1997,625.851,18,55
"6574",-14.3,6280,6,1997,627.445,22,0
"6581",-14,6287,6,1997,627.548,17.5,0
"6588",-13.7,6294,6,1997,627.344,21,0
"6595",-14.3,6301,7,1997,627.694,16.25,13
"6602",-13.9,6308,7,1997,627.491,20,0
"6609",-12.8,6315,7,1997,626.657,24,0
"6616",-12,6322,7,1997,626.131,24.25,0.5
"6637",-11,6343,8,1997,625.9,24,0
"6651",-10.6,6357,8,1997,626.975,20.75,0
"6673",-9.2,6378,9,1997,624.15,18.25,0
"6680",-8.9,6385,9,1997,623.42,19.25,0
"6687",-8.5,6392,10,1997,622.905,21,0
"6694",-8.2,6399,10,1997,622.38,18.5,0
"6701",-8,6406,10,1997,621.82,11.25,0
"6708",-8.2,6413,10,1997,621.265,15.5,0
"6715",-8.8,6420,10,1997,620.72,7,0
"6722",-9.6,6427,11,1997,620.22,12,19
"6729",-10.5,6434,11,1997,621.08,5,0
"6736",-10.9,6441,11,1997,620.96,8,0
"6743",-11.6,6448,11,1997,620.74,6.5,3.5
"6750",-12.2,6455,12,1997,620.41,4,0
"6757",-12.6,6462,12,1997,619.965,3.5,0
"6764",-17,6469,12,1997,625.4095,6.75,160
"6785",-15.9,6490,1,1998,623.048,6,0
"6792",-15.9,6497,1,1998,622.855,3.5,0
"6799",-16.4,6504,1,1998,622.73,2,0
"6806",-16.6,6511,1,1998,622.5,3.5,0
"6813",-16.9,6518,2,1998,622.495,5.25,0
"6820",-16.9,6525,2,1998,622.475,6.25,0
"6827",-16.5,6532,2,1998,622.33,10.5,0
"6834",-16.4,6539,2,1998,622.1,5.5,0
"6841",-16,6546,3,1998,621.76,12,0
"6848",-15.8,6553,3,1998,621.445,5.5,0
"6855",-15.2,6560,3,1998,621.02,14.25,0
"6862",-15.3,6567,3,1998,620.58,10.25,0
"6869",-15,6574,4,1998,620.165,10.5,0
"6876",-14.9,6581,4,1998,619.81,8.25,1.5
"6883",-15.4,6588,4,1998,619.52,5.5,22
"6897",-15.2,6602,4,1998,619.36,7.5,6.5
"6904",-14.9,6609,5,1998,619.83,12.75,0
"6911",-14.3,6616,5,1998,619.905,18.5,0
"6918",-13.5,6623,5,1998,619.84,15,0
"6925",-13.5,6630,5,1998,619.727,12.25,25
"6932",-12.8,6637,6,1998,620.182,20.5,0
"6946",-12.5,6651,6,1998,620.078,17.25,0
"6953",-10.9,6658,6,1998,619.629,23,0
"6960",-10.5,6665,7,1998,619.054,22,0
"6967",-9,6672,7,1998,618.473,21,0
"7051",-5.9,6756,10,1998,612.655,16.5,0
"7065",-5.1,6770,10,1998,611.717,15.75,0
"7072",-5.7,6777,10,1998,611.091,11,0
"7079",-6.3,6784,10,1998,610.372,13.75,0
"7086",-6.5,6791,11,1998,609.665,9,0
"7093",-7,6798,11,1998,608.901,8.5,0
"7100",-7.5,6805,11,1998,608.12,6,4
"7107",-8.4,6812,11,1998,607.32,1.5,0
"7114",-9.1,6819,12,1998,606.499,5.5,0
"7121",-9.6,6826,12,1998,605.655,3.5,0
"7128",-9.7,6833,12,1998,604.83,8,0
"7135",-9.9,6840,12,1998,603.973,2.75,0
"7142",-10.7,6847,12,1998,603.157,3,35
"7149",-11,6854,1,1999,602.627,7.75,0
"7156",-11.2,6861,1,1999,602.255,1.25,0
"7163",-11.8,6868,1,1999,602.446,5,0
"7170",-11.8,6875,1,1999,602.2665,3.5,0
"7177",-11.8,6882,2,1999,602.151,2.5,0
"7184",-12.1,6889,2,1999,601.73,1.75,0
"7191",-12.2,6896,2,1999,601.208,6.5,0
"7198",-12,6903,2,1999,600.718,6.5,0
"7205",-12,6910,3,1999,600.255,8.75,1
"7212",-11.9,6917,3,1999,599.849,13.25,0
"7219",-11.1,6924,3,1999,599.6,9.5,0
"7226",-11.1,6931,3,1999,599.341,13.5,8
"7233",-10.6,6938,4,1999,599.562,11.5,0
"7240",-9.8,6945,4,1999,599.587,10,0
"7247",-9.7,6952,4,1999,599.345,10,12.5
"7254",-9.3,6959,4,1999,599.612,13.5,0
"7261",-9.3,6966,4,1999,600.416,11.25,4
"7268",-9.3,6973,5,1999,602.06,15.25,6.8
"7275",-8.8,6980,5,1999,604.57,20.5,0
"7282",-9.6,6987,5,1999,609.48,9.5,6
"7289",-9.7,6994,5,1999,611.884,20.5,0
"7303",-8.4,7008,6,1999,612.513,20.5,11
"7310",-8,7015,6,1999,612.209,22.25,0
"7324",-6.4,7029,7,1999,611.079,22.5,0
"7331",-5.7,7036,7,1999,610.151,21.75,0
"7373",-1.7,7078,8,1999,604.87,24.5,0
"7380",-1.1,7085,8,1999,603.966,28.5,0
"7387",-0.8,7092,9,1999,602.634,22.75,0
"7401",-1.7,7106,9,1999,603.951,15.75,0
"7408",-3,7113,9,1999,609.05,18,0
"7415",-3.5,7120,9,1999,609.82,18.25,0
"7422",-3.7,7127,10,1999,609.675,12.75,0
"7429",-4.2,7134,10,1999,609.271,15.25,0
"7436",-4.7,7141,10,1999,609.811,8.75,46
"7443",-5.9,7148,10,1999,612.006,16.25,0
"7450",-6.4,7155,11,1999,612.585,8,0
"7457",-7.4,7162,11,1999,612.6,7,0
"7464",-11.2,7169,11,1999,621.28,3.5,0
"7471",-12.5,7176,11,1999,622.436,5,0
"7478",-13.2,7183,12,1999,622.839,8,0
"7485",-13.7,7190,12,1999,622.97,5,0
"7492",-13.7,7197,12,1999,622.99,2.25,0
"7499",-15,7204,12,1999,622.975,3.5,0
"7520",-16.3,7225,1,2000,622.408,2.25,0
"7534",-16.9,7239,1,2000,622.105,1,0
"7541",-16.9,7246,2,2000,621.907,7.25,0
"7548",-16.9,7253,2,2000,621.763,7,0
"7555",-16.7,7260,2,2000,621.453,6.75,0
"7562",-16.4,7267,2,2000,621.165,5.75,0
"7569",-16.2,7274,3,2000,620.821,7.75,0
"7576",-15.6,7281,3,2000,620.116,10.25,0
"7583",-14.7,7288,3,2000,619.4,12,0
"7590",-14.4,7295,3,2000,618.68,12.5,7.7
"7597",-14.8,7302,3,2000,618.012,4.25,0
"7604",-14.8,7309,4,2000,617.622,6,4
"7611",-14.6,7316,4,2000,617.435,9,0
"7618",-15,7323,4,2000,619.042,13,0
"7625",-14.7,7330,4,2000,619.642,16.25,0
"7632",-14.7,7337,5,2000,619.555,17.5,0
"7639",-14.2,7344,5,2000,619.4,15.5,15.7
"7646",-13.5,7351,5,2000,619.7,17.75,6.2
"7653",-12.6,7358,5,2000,619.454,17.5,3
"7660",-12.6,7365,6,2000,619.477,20.5,0
"7667",-12,7372,6,2000,619.119,17,0
"7674",-12,7379,6,2000,619.591,17.75,1.2
"7688",-9.2,7393,6,2000,619.15,23.5,0
"7695",-9.1,7400,7,2000,618.354,21.25,0
"7703",-7.9,7408,7,2000,617.4,19,0
"7709",-7.4,7414,7,2000,616.509,23.5,0
"7716",-6.6,7421,7,2000,615.5,22,0
"7723",-5.6,7428,8,2000,614.515,24.25,0
"7737",-5.3,7442,8,2000,612.281,25.5,0
"7744",-3.5,7449,8,2000,611.08,26,0
"7765",-2.2,7470,9,2000,606.53,21.5,0
"7779",-1.9,7484,9,2000,603.227,18,0
"7786",-2.7,7491,10,2000,602.18,15.75,0
"7800",-3.9,7505,10,2000,598.47504,12.75,0
"7807",-3.5,7512,10,2000,597.718,12.5,0
"7814",-3.8,7519,11,2000,596.94,8.75,0
"7821",-4.9,7526,11,2000,597.096,5.75,0
"7828",-6.2,7533,11,2000,596.731,3.5,0
"7835",-6.2,7540,11,2000,596.435,8.25,9
"7842",-6.7,7547,11,2000,597.618,8.75,6
"7849",-7,7554,12,2000,597.444,8.5,11.5
"7856",-7.5,7561,12,2000,597.906,5.25,0
"7863",-8.4,7568,12,2000,597.666,4,0
"7877",-11.2,7582,1,2001,607.979,4.5,1
"7884",-12,7589,1,2001,609.789,5.25,0
"7891",-13.1,7596,1,2001,611.547,4.75,0
"7898",-13.2,7603,1,2001,612.575,9.5,0
"7905",-13.6,7610,2,2001,613.16,6,0
"7912",-13.4,7617,2,2001,613.35,5,0
"7919",-13.8,7624,2,2001,613.44,6,7
"7926",-14.2,7631,2,2001,613.48,6.75,0
"7933",-14.6,7638,3,2001,613.47,3.5,0
"7940",-14.2,7645,3,2001,615.07,14.75,16.2
"7947",-14.6,7652,3,2001,617.68,9.5,0
"7954",-14.6,7659,3,2001,618.68,15.75,0
"7961",-14.5,7666,3,2001,619.47,13,0
"7968",-14.2,7673,4,2001,619.72,13.5,0
"7975",-13.7,7680,4,2001,619.73,12.75,0
"7982",-14.2,7687,4,2001,619.44,9.5,2.5
"7989",-13.9,7694,4,2001,619.13,12,0
"7996",-14.2,7701,5,2001,619.5,8.75,1
"8003",-14.2,7708,5,2001,619.84,13.75,0.5
"8010",-13.9,7715,5,2001,620.23,17,0
"8017",-13.3,7722,5,2001,620.32,15.5,4.5
"8024",-11.9,7729,5,2001,620.65,24.5,0
"8031",-11.4,7736,6,2001,620.71,17.75,0
"8045",-10.2,7750,6,2001,620.24,21.75,0
"8052",-9.2,7757,6,2001,619.84,22,0
"8059",-8.4,7764,7,2001,619.15,22.75,1.5
"8066",-8,7771,7,2001,618.44,23.5,0
"8108",-4.5,7813,8,2001,615.11,26,0
"8143",-4.3,7848,9,2001,612.05,14,0
"8150",-4.3,7855,10,2001,611.37,20,0
"8157",-4.2,7862,10,2001,610.21,14,0
"8164",-4.5,7869,10,2001,609.27,15,13
"8171",-4.5,7876,10,2001,608.81,13.25,0
"8185",-5.4,7890,11,2001,607.27,7.75,0
"8192",-6.3,7897,11,2001,606.54,6,0
"8206",-7.8,7911,11,2001,605.6,3.5,0
"8220",-7.3,7925,12,2001,604.21,2,0
"8227",-8.1,7932,12,2001,603.58,1,0
"8234",-10.7,7939,12,2001,602.99,-1.5,0
"8255",-10.7,7960,1,2002,601.5,2,0
"8262",-11.4,7967,1,2002,600.9,4.75,1.5
"8269",-11.4,7974,1,2002,600.3,7.25,0
"8276",-11.2,7981,2,2002,599.71,10.5,0
"8283",-11.2,7988,2,2002,599.04,15.5,0
"8290",-11,7995,2,2002,598.2,12,0
"8297",-11.1,8002,2,2002,597.31,15.75,0
"8304",-10.5,8009,3,2002,596.65,7.5,0
"8311",-9.9,8016,3,2002,595.78,12,4
"8318",-9.4,8023,3,2002,595.02,14,0
"8325",-9.4,8030,3,2002,594.23,8.25,0.5
"8332",-9.4,8037,4,2002,594.1,6.5,29
"8339",-9.5,8044,4,2002,599.61,7.5,25.5
"8346",-10.9,8051,4,2002,604.7,11.25,0
"8353",-10.5,8058,4,2002,606.23,17.5,0
"8360",-10.3,8065,5,2002,607.48,10,10
"8367",-10.5,8072,5,2002,609.51,11.25,12
"8374",-12.2,8079,5,2002,614.73,17.5,0
"8381",-11.9,8086,5,2002,616.24,15.25,4
"8395",-11.2,8100,6,2002,616.94,12.5,17
"8402",-10.9,8107,6,2002,618.41,21,0
"8409",-10.8,8114,6,2002,618.64,22.75,0
"8416",-9,8121,6,2002,618.23,24.25,0
"8423",-8.4,8128,7,2002,617.62,21,0
"8430",-8.3,8135,7,2002,616.83,21.5,0
"8437",-7.3,8142,7,2002,616.15,21.5,0
"8451",-6.1,8156,8,2002,614.705,18.5,6.5
"8500",-5.1,8205,9,2002,614.42,17.75,0
"8507",-5,8212,9,2002,614.15,12.75,0
"8521",-6.2,8226,10,2002,613.58,11.5,42.5
"8528",-6.5,8233,10,2002,614.54,16.75,0
"8535",-7.2,8240,10,2002,614.81,11.25,0
"8542",-7.2,8247,10,2002,614.77,13,0
"8549",-7.8,8254,11,2002,614.51,10.5,0.5
"8556",-7.9,8261,11,2002,614.21,9.75,22.5
"8563",-9,8268,11,2002,614.89,7.25,23
"8570",-10.4,8275,11,2002,618.07,5.5,0
"8577",-11.4,8282,12,2002,618.84,3.75,0
"8584",-12.8,8289,12,2002,619.31,2.5,0
"8591",-13.4,8296,12,2002,620.18,8.5,1
"8612",-15,8317,1,2003,621.57,1.25,5.5
"8619",-16.1,8324,1,2003,621.54,3,0
"8626",-16.1,8331,1,2003,621.46,5,0
"8633",-15.8,8338,1,2003,621.4,3.5,0
"8640",-15.8,8345,2,2003,621.25,4.25,0
"8647",-16.4,8352,2,2003,621.03,4,0
"8654",-16.6,8359,2,2003,620.86,1,0
"8660",-17.4,8365,2,2003,621.28,4.5,17.5
"8668",-19.3,8373,3,2003,626.73,11.25,0
"8675",-19.3,8380,3,2003,627.36,14.25,0
"8682",-19.3,8387,3,2003,627.42,10.25,0
"8689",-19.3,8394,3,2003,627.08,12,0
"8696",-19,8401,4,2003,627.82,8,5
"8703",-19,8408,4,2003,627.82,9.25,25
"8710",-18.4,8415,4,2003,627.72,10,0
"8717",-18.6,8422,4,2003,627.33,13.5,0
"8731",-17.2,8436,5,2003,627.57,12.75,12.5
"8738",-17,8443,5,2003,627.76,15,0
"8745",-16.5,8450,5,2003,627.69,15.25,0
"8752",-16,8457,5,2003,627.52,19.5,0
"8766",-15.2,8471,6,2003,626.7,23.5,0
"8780",-13.8,8485,6,2003,625.6,28,0
"8787",-11.2,8492,7,2003,625.05,22.75,0
"8836",-6.1,8541,8,2003,619.88,27,0
"8850",-5.6,8555,9,2003,618.33,18,0
"8871",-5.1,8576,9,2003,615.45,16,0
"8878",-4.8,8583,10,2003,615.04,18.25,0
"8885",-5.7,8590,10,2003,614.41,14.5,0
"8899",-6.6,8604,10,2003,615.28,9,4
"8906",-7.8,8611,10,2003,616.21,8.25,0
"8913",-8.5,8618,11,2003,619.2,10.5,0
"8983",-18.3,8688,1,2004,627.15,3.25,0
"8990",-18,8695,1,2004,626.69,5.75,0
"8997",-18.4,8702,1,2004,626.19,2,0
"9004",-18.1,8709,2,2004,625.89,10.25,0
"9011",-18.2,8716,2,2004,625.69,7.25,0
"9018",-18.1,8723,2,2004,625.47,2.75,0
"9025",-18.2,8730,2,2004,625.34,-2,0
"9032",-19.1,8737,3,2004,624.91,6.25,0
"9039",-18.7,8744,3,2004,624.44,6.25,0
"9046",-17.9,8751,3,2004,624.14,12.25,0
"9053",-18.4,8758,3,2004,624.02,5,0
"9060",-19.2,8765,4,2004,625.81,8,0
"9074",-20.2,8779,4,2004,628.77,11.5,0
"9081",-20.2,8786,4,2004,628.88403,8.25,0
"9088",-19.8,8793,4,2004,629.435,9,0
"9095",-20,8800,5,2004,629.13,10,0
"9102",-19.5,8807,5,2004,628.38,13,0
"9109",-19.5,8814,5,2004,628.55,17.25,0
"9116",-18.8,8821,5,2004,629.06,16,0
"9123",-18.7,8828,6,2004,629.08,20.75,0
"9151",-16.1,8856,7,2004,628.64,23,0
"9158",-14.7,8863,7,2004,628.16,16.25,0
"9171",-13.7,8876,7,2004,627.52,23.5,0
"9242",-8.8,8947,9,2004,622.55,19.5,0
"9263",-8.9,8968,10,2004,621.04,15.75,0
"9270",-9.2,8975,10,2004,620.53,10.25,0
"9277",-9.9,8982,11,2004,620.01,13.25,0
"9291",-10.7,8996,11,2004,618.88,6.75,0
"9298",-10.2,9003,11,2004,618.31,6.25,0
"9305",-11.7,9010,12,2004,617.6,4.5,0
"9312",-12.1,9017,12,2004,616.94,8,0
"9354",-13.7,9059,1,2005,613.58,5.75,0
"9361",-14.2,9066,1,2005,612.93,-7.25,0
"9368",-14.5,9073,2,2005,612.3,3.25,0
"9375",-14.4,9080,2,2005,611.78,3.75,0
"9382",-14.3,9087,2,2005,611.25,-0.75,0
"9389",-14.7,9094,2,2005,610.71,-1.75,0
"9396",-14.7,9101,3,2005,610.2,2,0
"9403",-14.7,9108,3,2005,609.62,3.5,0
"9410",-14.4,9115,3,2005,608.93,10.5,0
"9417",-13.3,9122,3,2005,608.41,10.25,0
"9424",-13,9129,3,2005,607.95,8.25,1
"9431",-12.8,9136,4,2005,607.42,11,0
"9438",-12.5,9143,4,2005,606.9,10.75,0
"9445",-11.9,9150,4,2005,606.34,11,0
"9452",-11.2,9157,4,2005,605.77,16.25,0
"9459",-10.2,9164,5,2005,605.19,15.5,13
"9466",-9.2,9171,5,2005,604.53,16.5,2
"9473",-10,9178,5,2005,604.31,12,0
"9487",-7.2,9192,6,2005,603.44,20.5,0
"9494",-6.4,9199,6,2005,602.58,18.75,0
"9501",-5.8,9206,6,2005,601.76,20.25,0
"9508",-4.7,9213,6,2005,601.43,23.25,0
"9515",-3.4,9220,6,2005,600.75,22.75,0
"9522",-3.1,9227,7,2005,599.81,21,0
"9529",-2.7,9234,7,2005,598.85,22,0
"9543",-0.8,9248,7,2005,596.49,24.25,0
"9550",-0.9,9255,8,2005,595.88,19,0
"9578",-0.4,9283,9,2005,593.25,21.75,0
"9592",-0.2,9297,9,2005,592.53,18,0
"9599",-0.7,9304,9,2005,591.99,14.5,0
"9606",-0.8,9311,9,2005,591.39,18,0
"9620",-1.5,9325,10,2005,590.2,13.75,43
"9627",-2.9,9332,10,2005,599.24,12.75,0
"9634",-3.7,9339,10,2005,601.82,12.5,0
"9641",-4,9346,11,2005,602.45,11.75,0
"9648",-5,9353,11,2005,602.5,10.5,4
"9655",-6.2,9360,11,2005,606.28,8,0
"9662",-7.4,9367,11,2005,607.93,3.25,0
"9669",-8.4,9374,12,2005,608.28,1.5,0
"9683",-10.2,9388,12,2005,608.97,-4.5,0
"9690",-11.2,9395,12,2005,609.08,1,0
"9697",-11.9,9402,12,2005,609.13,-3.5,0
"9704",-12.7,9409,1,2006,609.06,1,0
"9711",-12.7,9416,1,2006,609.04,3.25,0
"9718",-12.8,9423,1,2006,609.12,3.5,0
"9725",-13.2,9430,1,2006,609,0,0
"9732",-14.1,9437,2,2006,613.47,5.5,0
"9739",-14.5,9444,2,2006,615.49,5,0
"9746",-15,9451,2,2006,616.57,6.5,0
"9753",-15.3,9458,2,2006,617.42,4.3,0
"9802",-17.6,9507,4,2006,626.8,10.25,0
"9809",-17.4,9514,4,2006,627.34,13,0
"9816",-17.4,9521,4,2006,627.67,16.25,0
"9823",-17,9528,5,2006,627.82,14.5,0
"9830",-16.8,9535,5,2006,627.84,11.5,0
"9837",-15.7,9542,5,2006,627.63,22.5,0
"9844",-15.3,9549,5,2006,627.4,14.5,0
"9851",-14.8,9556,6,2006,626.94,12.25,0
"9872",-12,9577,6,2006,624.79,25,0
"9879",-11.2,9584,6,2006,624.02,24.25,0
"9886",-10,9591,7,2006,623.18,22.5,2.5
"9893",-9.1,9598,7,2006,622.3,25.75,0
"9900",-8.9,9605,7,2006,621.88,22.5,0
"9907",-8,9612,7,2006,621.33,24,0
"9914",-6.8,9619,8,2006,620.52,22.5,0
"9921",-6.5,9626,8,2006,619.65,22,0
"9928",-6.7,9633,8,2006,619.16,18,0
"9935",-6.4,9640,8,2006,618.63,22.5,2.75
"9942",-5.8,9647,8,2006,617.91,21.5,0
"9949",-4.3,9654,9,2006,616.95496,24.5,0
"9956",-4.5,9661,9,2006,616.43,16.5,33
"9963",-5.2,9668,9,2006,616.48,19.25,0
"9970",-5.4,9675,9,2006,616.4,15.75,0
"9977",-5.3,9682,10,2006,615.87,12.25,7.5
"9991",-5.9,9696,10,2006,614.9,12.75,13.5
"9998",-5.7,9703,10,2006,614.39,15.75,0
"10005",-5.4,9710,11,2006,613.78,15,0
"10012",-6,9717,11,2006,613.12,12.75,0
"10019",-6.6,9724,11,2006,612.47,9.75,0
"10026",-6.9,9731,11,2006,611.86,8.75,0
"10033",-7.3,9738,11,2006,611.18,7.25,0
"10040",-7.9,9745,12,2006,610.48,4.25,0.5
"10047",-8.6,9752,12,2006,609.73,4.75,0
"10061",-9.5,9766,12,2006,607.94,6,0
"10068",-9.7,9773,1,2007,606.85,4.25,0
"10075",-9.6,9780,1,2007,605.71,7,0
"10096",-10.2,9801,2,2007,603.24,6.25,1
"10103",-10.5,9808,2,2007,602.67,5.25,0
"10110",-10.3,9815,2,2007,602.09,8.25,0
"10117",-10.1,9822,2,2007,601.49,6.5,0
"10124",-10.2,9829,3,2007,601.02,10.75,0
"10132",-10,9837,3,2007,600.56,7.5,0
"10139",-9.8,9844,3,2007,600.21,11,2
"10145",-10.2,9850,3,2007,599.91,5.25,0
"10152",-10.3,9857,3,2007,599.58,6.25,0
"10159",-10.6,9864,4,2007,601.49,8.25,14.5
"10166",-10.3,9871,4,2007,602.83,11,0
"10173",-10.7,9878,4,2007,606.77,16,1.5
"10180",-10.6,9885,4,2007,609.1,17.25,0
"10187",-11.3,9892,5,2007,611.28,8,0
"10194",-11.3,9899,5,2007,613.08,19.25,0
"10201",-10.8,9906,5,2007,613.98,13.5,0
"10208",-10.2,9913,5,2007,614.29,21.25,0
"10215",-10,9920,5,2007,614.28,16.5,0.25
"10229",-8.7,9934,6,2007,614.08997,21.75,0
"10236",-7.8,9941,6,2007,613.65,22,0
"10243",-7.2,9948,6,2007,613.04,18.75,0
"10250",-6.6,9955,7,2007,612.17,19.25,0
"10257",-5.9,9962,7,2007,611.43,20,1.2
"10264",-4.7,9969,7,2007,610.61,25.5,0
"10271",-4,9976,7,2007,609.79,23.5,0
"10278",-3.2,9983,8,2007,608.92,25.5,0
"10285",-3.2,9990,8,2007,608.42,18.25,0
"10334",-2.2,10039,9,2007,604.39,14.25,0
"10376",-4.2,10081,11,2007,601.09,8.25,0
"10383",-5,10088,11,2007,600.66,6,0
"10432",-9,10137,1,2008,598.23,1,1.5
"10439",-9,10144,1,2008,597.92,7.75,0.5
"10446",-9,10151,1,2008,597.58,4.5,0
"10453",-9.6,10158,1,2008,597.065,8,0
"10460",-9.6,10165,1,2008,596.31,3.75,0
"10467",-9.7,10172,2,2008,595.72,6.75,0
"10474",-9.8,10179,2,2008,595.2,4,0
"10481",-9.6,10186,2,2008,594.65,7.5,0.5
"10488",-9.2,10193,2,2008,594.16003,10.25,0
"10495",-9.3,10200,3,2008,593.55,0.25,0
"10502",-8.9,10207,3,2008,592.92,11.75,0
"10509",-8.9,10214,3,2008,592.34,2.5,5
"10516",-8.9,10221,3,2008,592.25,6.5,0
"10523",-8.6,10228,4,2008,592.03,13.25,0
"10530",-9,10235,4,2008,592,12,1.5
"10537",-8.6,10242,4,2008,593.54,10.5,0
"10544",-9,10249,4,2008,597.5,12.5,0
"10558",-8,10263,5,2008,600.27,13.75,0
"10565",-9.3,10270,5,2008,604.6,12,5.75
"10579",-13.1,10284,5,2008,620.21,12,9.5
"10586",-14.6,10291,6,2008,624.66,15,22
"10593",-15.7,10298,6,2008,627.66,15.75,10.5
"10614",-14.5,10319,7,2008,629.34,21,0
"10628",-13.6,10333,7,2008,629.31,21,0
"10635",-13.1,10340,7,2008,629.22,23.5,0
"10642",-12.4,10347,7,2008,629,24.75,0
"10649",-11.7,10354,8,2008,628.72,25.75,0
"10656",-10.2,10361,8,2008,628.28,22,0
"10663",-10.9,10368,8,2008,627.87,21.75,0
"10670",-11.1,10375,8,2008,627.8,22,1
"10677",-10.6,10382,9,2008,627.475,21.75,0
"10691",-10,10396,9,2008,626.43,18.5,0
"10698",-10.4,10403,9,2008,625.81,12,2
"10705",-10.2,10410,10,2008,625.05,14,0
"10712",-10.2,10417,10,2008,624.14,9.75,2
"10719",-9.6,10424,10,2008,623.14,17.5,0
"10726",-9.8,10431,10,2008,622.4,14,4.5
